size_fact_key,project_key,person_key,team_key,wbs_element_key,plan_item_key,size_added_and_modified,size_added,size_base,size_deleted,size_modified,size_reused,size_total,measurement_type_key,measurement_type_name,size_metric_key,size_metric_name,size_metric_short_name,phase_key,phase_short_name,process_key,process_name,row_current_flag
10389,141,467,44,14831,108832,300,0,0,0,0,0,0,1,Plan,5,Lines of Code,LOC,16,Code,1,TSP(SM),1
10387,141,466,44,14830,108839,200,0,0,0,0,0,0,1,Plan,5,Lines of Code,LOC,16,Code,1,TSP(SM),1
10388,141,467,44,14827,108845,250,0,0,0,0,0,0,1,Plan,5,Lines of Code,LOC,16,Code,1,TSP(SM),1
10390,141,468,44,14827,108845,250,0,0,0,0,0,0,1,Plan,5,Lines of Code,LOC,16,Code,1,TSP(SM),1
10386,141,466,44,14828,108852,50,0,0,0,0,0,0,1,Plan,5,Lines of Code,LOC,16,Code,1,TSP(SM),1
10391,141,468,44,14828,108852,50,0,0,0,0,0,0,1,Plan,5,Lines of Code,LOC,16,Code,1,TSP(SM),1
10434,144,475,46,14904,109675,11,0,0,0,0,0,0,4,Actual,2,Requirements Pages,Req Pages,6,Reqts Review,1,TSP(SM),1
10435,144,475,46,14904,109675,11,0,0,0,0,0,0,1,Plan,2,Requirements Pages,Req Pages,6,Reqts Review,1,TSP(SM),1
10438,144,476,46,14903,109684,6,0,0,0,0,0,0,4,Actual,1,Text Pages,Text Pages,6,Reqts Review,1,TSP(SM),1
10439,144,476,46,14903,109684,6,0,0,0,0,0,0,1,Plan,1,Text Pages,Text Pages,6,Reqts Review,1,TSP(SM),1
10440,144,476,46,14906,109699,13,0,0,0,0,0,0,4,Actual,2,Requirements Pages,Req Pages,6,Reqts Review,1,TSP(SM),1
10441,144,476,46,14906,109699,18,0,0,0,0,0,0,1,Plan,2,Requirements Pages,Req Pages,6,Reqts Review,1,TSP(SM),1
10436,144,475,46,14905,109708,7,0,0,0,0,0,0,4,Actual,1,Text Pages,Text Pages,6,Reqts Review,1,TSP(SM),1
10437,144,475,46,14905,109708,10,0,0,0,0,0,0,1,Plan,1,Text Pages,Text Pages,6,Reqts Review,1,TSP(SM),1
11809,160,539,52,16957,124503,1,0,0,0,0,0,0,4,Actual,1,Text Pages,Text Pages,\N,\N,\N,\N,1
11810,160,539,52,16957,124503,1.069000005722046,0,0,0,0,0,0,1,Plan,1,Text Pages,Text Pages,\N,\N,\N,\N,1
11825,160,540,52,16957,124503,3,0,0,0,0,0,0,4,Actual,1,Text Pages,Text Pages,\N,\N,\N,\N,1
11826,160,540,52,16957,124503,2.878999948501587,0,0,0,0,0,0,1,Plan,1,Text Pages,Text Pages,\N,\N,\N,\N,1
11813,160,539,52,16959,124507,1,0,0,0,0,0,0,4,Actual,1,Text Pages,Text Pages,\N,\N,\N,\N,1
11814,160,539,52,16959,124507,0.2669999897480011,0,0,0,0,0,0,1,Plan,1,Text Pages,Text Pages,\N,\N,\N,\N,1
11829,160,540,52,16959,124507,1,0,0,0,0,0,0,4,Actual,1,Text Pages,Text Pages,\N,\N,\N,\N,1
11830,160,540,52,16959,124507,0.7200000286102295,0,0,0,0,0,0,1,Plan,1,Text Pages,Text Pages,\N,\N,\N,\N,1
11811,160,539,52,16958,124511,1,0,0,0,0,0,0,4,Actual,1,Text Pages,Text Pages,\N,\N,\N,\N,1
11812,160,539,52,16958,124511,1.069000005722046,0,0,0,0,0,0,1,Plan,1,Text Pages,Text Pages,\N,\N,\N,\N,1
11827,160,540,52,16958,124511,3,0,0,0,0,0,0,4,Actual,1,Text Pages,Text Pages,\N,\N,\N,\N,1
11828,160,540,52,16958,124511,2.878999948501587,0,0,0,0,0,0,1,Plan,1,Text Pages,Text Pages,\N,\N,\N,\N,1
11815,160,539,52,16960,124515,1,0,0,0,0,0,0,4,Actual,1,Text Pages,Text Pages,\N,\N,\N,\N,1
11816,160,539,52,16960,124515,0.2669999897480011,0,0,0,0,0,0,1,Plan,1,Text Pages,Text Pages,\N,\N,\N,\N,1
11831,160,540,52,16960,124515,1,0,0,0,0,0,0,4,Actual,1,Text Pages,Text Pages,\N,\N,\N,\N,1
11832,160,540,52,16960,124515,0.7200000286102295,0,0,0,0,0,0,1,Plan,1,Text Pages,Text Pages,\N,\N,\N,\N,1
11807,160,539,52,16954,124528,1087,0,0,0,0,0,0,4,Actual,5,Lines of Code,LOC,16,Code,1,TSP(SM),1
11808,160,539,52,16954,124528,650,0,0,0,0,0,0,1,Plan,5,Lines of Code,LOC,16,Code,1,TSP(SM),1
11801,160,539,52,16949,124540,1152,0,0,0,0,0,0,4,Actual,5,Lines of Code,LOC,16,Code,1,TSP(SM),1
11802,160,539,52,16949,124540,1100,0,0,0,0,0,0,1,Plan,5,Lines of Code,LOC,16,Code,1,TSP(SM),1
11803,160,539,52,16952,124552,897,0,0,0,0,0,0,4,Actual,5,Lines of Code,LOC,16,Code,1,TSP(SM),1
11804,160,539,52,16952,124552,1000,0,0,0,0,0,0,1,Plan,5,Lines of Code,LOC,16,Code,1,TSP(SM),1
11823,160,540,52,16955,124564,1191,0,0,0,0,0,0,4,Actual,5,Lines of Code,LOC,16,Code,1,TSP(SM),1
11824,160,540,52,16955,124564,900,0,0,0,0,0,0,1,Plan,5,Lines of Code,LOC,16,Code,1,TSP(SM),1
11805,160,539,52,16953,124576,365,0,0,0,0,0,0,4,Actual,5,Lines of Code,LOC,16,Code,1,TSP(SM),1
11806,160,539,52,16953,124576,400,0,0,0,0,0,0,1,Plan,5,Lines of Code,LOC,16,Code,1,TSP(SM),1
11819,160,540,52,16950,124588,745,0,0,0,0,0,0,4,Actual,5,Lines of Code,LOC,16,Code,1,TSP(SM),1
11820,160,540,52,16950,124588,800,0,0,0,0,0,0,1,Plan,5,Lines of Code,LOC,16,Code,1,TSP(SM),1
11821,160,540,52,16951,124600,2125,0,0,0,0,0,0,4,Actual,5,Lines of Code,LOC,16,Code,1,TSP(SM),1
11822,160,540,52,16951,124600,1900,0,0,0,0,0,0,1,Plan,5,Lines of Code,LOC,16,Code,1,TSP(SM),1
11817,160,540,52,16948,124611,561,0,0,0,0,0,0,4,Actual,5,Lines of Code,LOC,16,Code,1,TSP(SM),1
11818,160,540,52,16948,124611,700,0,0,0,0,0,0,1,Plan,5,Lines of Code,LOC,16,Code,1,TSP(SM),1
11835,160,540,52,16963,124624,485,0,0,0,0,0,0,4,Actual,5,Lines of Code,LOC,16,Code,1,TSP(SM),1
11836,160,540,52,16963,124624,700,0,0,0,0,0,0,1,Plan,5,Lines of Code,LOC,16,Code,1,TSP(SM),1
11833,160,540,52,16962,124636,415,0,0,0,0,0,0,4,Actual,5,Lines of Code,LOC,16,Code,1,TSP(SM),1
11834,160,540,52,16962,124636,500,0,0,0,0,0,0,1,Plan,5,Lines of Code,LOC,16,Code,1,TSP(SM),1
22305,224,757,79,35257,200406,190,0,0,0,0,0,0,4,Actual,4,Detailed Design Lines,DLD Lines,16,Code,1,TSP(SM),1
22306,224,757,79,35257,200406,210,0,0,0,0,0,0,1,Plan,4,Detailed Design Lines,DLD Lines,16,Code,1,TSP(SM),1
22428,228,772,81,35363,201181,411,0,0,0,0,0,0,4,Actual,5,Lines of Code,LOC,8,HLD,1,TSP(SM),1
22427,228,771,81,35366,201185,1286,0,0,0,0,0,0,4,Actual,5,Lines of Code,LOC,12,Design,1,TSP(SM),1
22431,228,773,81,35364,201193,620,0,0,0,0,0,0,4,Actual,5,Lines of Code,LOC,16,Code,1,TSP(SM),1
22432,228,773,81,35364,201193,600,0,0,0,0,0,0,1,Plan,5,Lines of Code,LOC,16,Code,1,TSP(SM),1
22439,228,773,81,35369,201202,78,0,0,0,0,0,0,4,Actual,5,Lines of Code,LOC,16,Code,1,TSP(SM),1
22440,228,773,81,35369,201202,100,0,0,0,0,0,0,1,Plan,5,Lines of Code,LOC,16,Code,1,TSP(SM),1
22435,228,773,81,35367,201212,649,0,0,0,0,0,0,4,Actual,5,Lines of Code,LOC,16,Code,1,TSP(SM),1
22436,228,773,81,35367,201212,800,0,0,0,0,0,0,1,Plan,5,Lines of Code,LOC,16,Code,1,TSP(SM),1
22425,228,771,81,35362,201222,880,0,0,0,0,0,0,4,Actual,5,Lines of Code,LOC,16,Code,1,TSP(SM),1
22426,228,771,81,35362,201222,800,0,0,0,0,0,0,1,Plan,5,Lines of Code,LOC,16,Code,1,TSP(SM),1
22433,228,773,81,35365,201231,85,0,0,0,0,0,0,4,Actual,5,Lines of Code,LOC,16,Code,1,TSP(SM),1
22434,228,773,81,35365,201231,100,0,0,0,0,0,0,1,Plan,5,Lines of Code,LOC,16,Code,1,TSP(SM),1
22437,228,773,81,35368,201240,274,0,0,0,0,0,0,4,Actual,5,Lines of Code,LOC,16,Code,1,TSP(SM),1
22438,228,773,81,35368,201240,250,0,0,0,0,0,0,1,Plan,5,Lines of Code,LOC,16,Code,1,TSP(SM),1
22429,228,772,81,7039,201249,853,0,0,0,0,0,0,4,Actual,5,Lines of Code,LOC,16,Code,1,TSP(SM),1
22430,228,772,81,7039,201249,1000,0,0,0,0,0,0,1,Plan,5,Lines of Code,LOC,16,Code,1,TSP(SM),1
25548,246,827,84,39797,223040,750,0,24000,5000,1000,0,18750,1,Plan,5,Lines of Code,LOC,\N,\N,\N,\N,1
28524,246,827,84,39797,223040,8362,8232,10562,8370,130,0,10424,4,Actual,5,Lines of Code,LOC,\N,\N,\N,\N,1
25534,246,826,84,39802,223052,79,50,240,2,29,0,288,4,Actual,5,Lines of Code,LOC,\N,\N,\N,\N,1
25535,246,826,84,39802,223052,30,20,181,0,10,0,201,1,Plan,5,Lines of Code,LOC,\N,\N,\N,\N,1
25447,246,821,84,39863,223064,591,501,6580,286,90,0,6580,4,Actual,5,Lines of Code,LOC,\N,\N,\N,\N,1
25448,246,821,84,39863,223064,165,164,6950,60,1,0,7054,1,Plan,5,Lines of Code,LOC,\N,\N,\N,\N,1
25483,246,823,84,39873,223076,150,50,100,0,100,0,150,1,Plan,5,Lines of Code,LOC,\N,\N,\N,\N,1
28447,246,823,84,39873,223076,570,468,571,195,102,0,844,4,Actual,5,Lines of Code,LOC,\N,\N,\N,\N,1
25522,246,825,84,39860,223088,139,109,624,15,30,0,718,4,Actual,5,Lines of Code,LOC,\N,\N,\N,\N,1
25523,246,825,84,39860,223088,60,5,442,10,55,0,437,1,Plan,5,Lines of Code,LOC,\N,\N,\N,\N,1
25477,246,823,84,39825,223100,60,60,200,0,0,0,260,1,Plan,5,Lines of Code,LOC,\N,\N,\N,\N,1
28441,246,823,84,39825,223100,220,200,479,31,20,0,648,4,Actual,5,Lines of Code,LOC,\N,\N,\N,\N,1
25513,246,825,84,39834,223112,35,0,406,0,35,0,406,1,Plan,5,Lines of Code,LOC,\N,\N,\N,\N,1
28474,246,825,84,39834,223112,681,647,253,4,34,0,896,4,Actual,5,Lines of Code,LOC,\N,\N,\N,\N,1
25495,246,824,84,39837,223124,289,284,996,1,5,0,1279,4,Actual,5,Lines of Code,LOC,\N,\N,\N,\N,1
25496,246,824,84,39837,223124,80,50,996,5,60,0,996,1,Plan,5,Lines of Code,LOC,\N,\N,\N,\N,1
28479,246,825,84,39840,223136,830,784,304,23,46,0,1065,4,Actual,5,Lines of Code,LOC,\N,\N,\N,\N,1
28480,246,825,84,39840,223136,30,300,155,0,48,0,137,1,Plan,5,Lines of Code,LOC,\N,\N,\N,\N,1
25480,246,823,84,39829,223148,150,50,100,0,100,0,150,1,Plan,5,Lines of Code,LOC,\N,\N,\N,\N,1
28445,246,823,84,39829,223148,1422,1057,1677,199,365,0,2535,4,Actual,5,Lines of Code,LOC,\N,\N,\N,\N,1
25494,246,824,84,39830,223160,300,280,1961,313,20,0,1928,1,Plan,5,Lines of Code,LOC,\N,\N,\N,\N,1
28501,246,824,84,39830,223160,316,219,1961,540,97,0,1640,4,Actual,5,Lines of Code,LOC,\N,\N,\N,\N,1
25537,246,826,84,39831,223172,6,6,181,0,0,0,187,4,Actual,5,Lines of Code,LOC,\N,\N,\N,\N,1
25538,246,826,84,39831,223172,30,30,321,0,0,0,351,1,Plan,5,Lines of Code,LOC,\N,\N,\N,\N,1
28502,246,824,84,39843,223184,406,406,0,0,0,0,406,4,Actual,5,Lines of Code,LOC,\N,\N,\N,\N,1
28503,246,824,84,39843,223184,410,410,100,0,0,0,510,1,Plan,5,Lines of Code,LOC,\N,\N,\N,\N,1
25442,246,821,84,39833,223196,150,130,2200,0,20,0,2330,1,Plan,5,Lines of Code,LOC,\N,\N,\N,\N,1
28424,246,821,84,39833,223196,505,476,4538,18,29,0,4996,4,Actual,5,Lines of Code,LOC,\N,\N,\N,\N,1
28442,246,823,84,39826,223208,1076,1068,804,13,8,0,1859,4,Actual,5,Lines of Code,LOC,\N,\N,\N,\N,1
28443,246,823,84,39826,223208,150,150,0,0,0,0,150,1,Plan,5,Lines of Code,LOC,\N,\N,\N,\N,1
25476,246,823,84,39822,223220,90,90,300,0,0,0,390,1,Plan,5,Lines of Code,LOC,\N,\N,\N,\N,1
28440,246,823,84,39822,223220,174,159,401,16,15,0,544,4,Actual,5,Lines of Code,LOC,\N,\N,\N,\N,1
28475,246,825,84,39835,223232,286,286,0,0,0,0,286,4,Actual,5,Lines of Code,LOC,\N,\N,\N,\N,1
28476,246,825,84,39835,223232,35,35,100,0,0,0,135,1,Plan,5,Lines of Code,LOC,\N,\N,\N,\N,1
28420,246,821,84,39824,223244,1497,1497,479,0,0,0,1976,4,Actual,5,Lines of Code,LOC,\N,\N,\N,\N,1
28421,246,821,84,39824,223244,1247.1109619140625,1247.1109619,104,0,0,0,1351.1109619,1,Plan,5,Lines of Code,LOC,\N,\N,\N,\N,1
28499,246,824,84,39821,223268,631,591,435,15,40,0,1011,4,Actual,5,Lines of Code,LOC,\N,\N,\N,\N,1
28500,246,824,84,39821,223268,70,65,479,0,5,0,544,1,Plan,5,Lines of Code,LOC,\N,\N,\N,\N,1
25539,246,826,84,39838,223280,180,180,100,0,0,0,280,1,Plan,5,Lines of Code,LOC,\N,\N,\N,\N,1
28515,246,826,84,39838,223280,736,736,0,0,0,0,736,4,Actual,5,Lines of Code,LOC,\N,\N,\N,\N,1
25475,246,823,84,39820,223292,550,550,300,0,0,0,850,1,Plan,5,Lines of Code,LOC,\N,\N,\N,\N,1
28439,246,823,84,39820,223292,1373,1373,29,0,0,0,1402,4,Actual,5,Lines of Code,LOC,\N,\N,\N,\N,1
28470,246,825,84,39823,223304,777,777,0,0,0,0,777,4,Actual,5,Lines of Code,LOC,\N,\N,\N,\N,1
28471,246,825,84,39823,223304,35,35,100,0,0,0,135,1,Plan,5,Lines of Code,LOC,\N,\N,\N,\N,1
28472,246,825,84,39832,223316,152,99,575,35,53,0,639,4,Actual,5,Lines of Code,LOC,\N,\N,\N,\N,1
28473,246,825,84,39832,223316,30,5,465,0,25,0,470,1,Plan,5,Lines of Code,LOC,\N,\N,\N,\N,1
28481,246,825,84,39842,223328,538,458,343,81,80,0,720,4,Actual,5,Lines of Code,LOC,\N,\N,\N,\N,1
28482,246,825,84,39842,223328,372.4630126953125,302.4630127,482,0,70,0,784.4630127,1,Plan,5,Lines of Code,LOC,\N,\N,\N,\N,1
25456,246,822,84,39818,223340,778,778,0,0,0,0,778,4,Actual,5,Lines of Code,LOC,\N,\N,\N,\N,1
25457,246,822,84,39818,223340,220,220,100,0,0,0,320,1,Plan,5,Lines of Code,LOC,\N,\N,\N,\N,1
25479,246,823,84,39828,223352,60,60,200,0,0,0,260,1,Plan,5,Lines of Code,LOC,\N,\N,\N,\N,1
28444,246,823,84,39828,223352,374,338,628,19,36,0,947,4,Actual,5,Lines of Code,LOC,\N,\N,\N,\N,1
28477,246,825,84,39836,223364,5,3,233,2,2,0,234,4,Actual,5,Lines of Code,LOC,\N,\N,\N,\N,1
28478,246,825,84,39836,223364,44.05500030517578,24.055000305,306,0,20,0,330.05499268,1,Plan,5,Lines of Code,LOC,\N,\N,\N,\N,1
28516,246,826,84,39839,223376,282,282,0,0,0,0,282,4,Actual,5,Lines of Code,LOC,\N,\N,\N,\N,1
28517,246,826,84,39839,223376,240,240,100,0,0,0,340,1,Plan,5,Lines of Code,LOC,\N,\N,\N,\N,1
28422,246,821,84,39827,223388,368,368,5268,0,0,0,5636,4,Actual,5,Lines of Code,LOC,\N,\N,\N,\N,1
28423,246,821,84,39827,223388,250,250,5260,0,0,0,5510,1,Plan,5,Lines of Code,LOC,\N,\N,\N,\N,1
28483,246,825,84,39845,223412,449,442,142,25,7,0,559,4,Actual,5,Lines of Code,LOC,\N,\N,\N,\N,1
28484,246,825,84,39845,223412,394.22100830078125,384.2210083,169,0,10,0,553.2210083,1,Plan,5,Lines of Code,LOC,\N,\N,\N,\N,1
28489,246,825,84,39866,223424,3658,2979,4413,511,679,0,6881,4,Actual,5,Lines of Code,LOC,\N,\N,\N,\N,1
28490,246,825,84,39866,223424,595,205,5193,0,390,0,5398,1,Plan,5,Lines of Code,LOC,\N,\N,\N,\N,1
28487,246,825,84,39867,223436,359,332,3021,21,27,0,3332,4,Actual,5,Lines of Code,LOC,\N,\N,\N,\N,1
28488,246,825,84,39867,223436,340,340,3838,0,0,0,4178,1,Plan,5,Lines of Code,LOC,\N,\N,\N,\N,1
25461,246,822,84,39868,223448,319,216,1286,102,103,0,1400,4,Actual,5,Lines of Code,LOC,\N,\N,\N,\N,1
25462,246,822,84,39868,223448,30,0,395,0,120,0,305,1,Plan,5,Lines of Code,LOC,\N,\N,\N,\N,1
25463,246,822,84,39870,223460,30,0,358,0,108,0,280,1,Plan,5,Lines of Code,LOC,\N,\N,\N,\N,1
28456,246,822,84,39870,223460,153,126,347,12,27,0,461,4,Actual,5,Lines of Code,LOC,\N,\N,\N,\N,1
28510,246,824,84,39869,223472,667,652,2413,50,15,0,3015,4,Actual,5,Lines of Code,LOC,\N,\N,\N,\N,1
28511,246,824,84,39869,223472,542.35498046875,532.35498047,2413,0,10,0,2945.3549805,1,Plan,5,Lines of Code,LOC,\N,\N,\N,\N,1
28493,246,825,84,39883,223484,1142,952,1006,438,190,0,1520,4,Actual,5,Lines of Code,LOC,\N,\N,\N,\N,1
28494,246,825,84,39883,223484,540,410,1111,0,130,0,1521,1,Plan,5,Lines of Code,LOC,\N,\N,\N,\N,1
28416,246,821,84,39804,223496,328,281,800,0,47,0,1081,4,Actual,5,Lines of Code,LOC,\N,\N,\N,\N,1
28417,246,821,84,39804,223496,655.2260131835938,625.22601318,800,0,30,0,1425.2259521,1,Plan,5,Lines of Code,LOC,\N,\N,\N,\N,1
28463,246,822,84,39885,223508,2249,2108,6047,18,141,0,8137,4,Actual,5,Lines of Code,LOC,\N,\N,\N,\N,1
28464,246,822,84,39885,223508,30,0,5387,0,645,0,4772,1,Plan,5,Lines of Code,LOC,\N,\N,\N,\N,1
28459,246,822,84,39887,223520,826,826,335,0,0,0,1161,4,Actual,5,Lines of Code,LOC,\N,\N,\N,\N,1
28460,246,822,84,39887,223520,60,58,363,0,2,0,421,1,Plan,5,Lines of Code,LOC,\N,\N,\N,\N,1
28457,246,822,84,39886,223532,826,826,335,0,0,0,1161,4,Actual,5,Lines of Code,LOC,\N,\N,\N,\N,1
28458,246,822,84,39886,223532,60,58,363,0,2,0,421,1,Plan,5,Lines of Code,LOC,\N,\N,\N,\N,1
28461,246,822,84,39888,223544,1852,1852,0,0,0,0,1852,4,Actual,5,Lines of Code,LOC,\N,\N,\N,\N,1
28462,246,822,84,39888,223544,200,200,200,0,0,0,400,1,Plan,5,Lines of Code,LOC,\N,\N,\N,\N,1
28466,246,825,84,39812,223556,386,276,1613,526,110,0,1363,4,Actual,5,Lines of Code,LOC,\N,\N,\N,\N,1
28467,246,825,84,39812,223556,370,185,1441,60,185,0,1566,1,Plan,5,Lines of Code,LOC,\N,\N,\N,\N,1
25521,246,825,84,39855,223568,30,30,100,0,0,0,130,1,Plan,5,Lines of Code,LOC,\N,\N,\N,\N,1
28491,246,825,84,39872,223580,486,338,1106,397,148,0,1047,4,Actual,5,Lines of Code,LOC,\N,\N,\N,\N,1
28492,246,825,84,39872,223580,150,60,1167,0,90,0,1227,1,Plan,5,Lines of Code,LOC,\N,\N,\N,\N,1
28485,246,825,84,39848,223592,83,49,974,63,34,0,960,4,Actual,5,Lines of Code,LOC,\N,\N,\N,\N,1
28486,246,825,84,39848,223592,60,0,1128,0,60,0,1128,1,Plan,5,Lines of Code,LOC,\N,\N,\N,\N,1
25527,246,825,84,39871,223604,30,30,100,0,0,0,130,1,Plan,5,Lines of Code,LOC,\N,\N,\N,\N,1
25505,246,825,84,39807,223616,30,30,100,0,0,0,130,1,Plan,5,Lines of Code,LOC,\N,\N,\N,\N,1
25507,246,825,84,39810,223628,30,30,100,0,0,0,130,1,Plan,5,Lines of Code,LOC,\N,\N,\N,\N,1
28522,246,826,84,39890,223640,1305,1260,279,0,45,0,1539,4,Actual,5,Lines of Code,LOC,\N,\N,\N,\N,1
28523,246,826,84,39890,223640,300,300,100,0,0,0,400,1,Plan,5,Lines of Code,LOC,\N,\N,\N,\N,1
28429,246,821,84,39889,223652,150,150,100,0,0,0,250,1,Plan,5,Lines of Code,LOC,\N,\N,\N,\N,1
25445,246,821,84,39854,223664,750,750,0,0,0,0,750,1,Plan,5,Lines of Code,LOC,\N,\N,\N,\N,1
28425,246,821,84,39858,223676,400,400,300,0,0,0,700,1,Plan,5,Lines of Code,LOC,\N,\N,\N,\N,1
28436,246,821,84,39904,223688,150,150,500,0,0,0,650,1,Plan,5,Lines of Code,LOC,\N,\N,\N,\N,1
25532,246,825,84,39893,223712,90,90,300,0,0,0,390,1,Plan,5,Lines of Code,LOC,\N,\N,\N,\N,1
28504,246,824,84,39844,223724,946,946,384,0,0,0,1330,4,Actual,5,Lines of Code,LOC,\N,\N,\N,\N,1
28505,246,824,84,39844,223724,691.6950073242188,691.69500732,300,0,0,0,991.69500732,1,Plan,5,Lines of Code,LOC,\N,\N,\N,\N,1
28452,246,822,84,39857,223736,237,132,564,106,105,0,590,4,Actual,5,Lines of Code,LOC,\N,\N,\N,\N,1
28453,246,822,84,39857,223736,90,5,630,61,85,0,574,1,Plan,5,Lines of Code,LOC,\N,\N,\N,\N,1
28468,246,825,84,39813,223748,227,174,481,153,53,0,502,4,Actual,5,Lines of Code,LOC,\N,\N,\N,\N,1
28469,246,825,84,39813,223748,165.25799560546875,95.258003235,346,0,70,0,441.25799561,1,Plan,5,Lines of Code,LOC,\N,\N,\N,\N,1
25488,246,823,84,39899,223760,200,200,200,0,0,0,400,1,Plan,5,Lines of Code,LOC,\N,\N,\N,\N,1
28448,246,823,84,39899,223760,1554,1279,2434,1616,275,0,2097,4,Actual,5,Lines of Code,LOC,\N,\N,\N,\N,1
25473,246,823,84,39808,223772,80,80,100,0,0,0,180,1,Plan,5,Lines of Code,LOC,\N,\N,\N,\N,1
28438,246,823,84,39808,223772,94,61,1171,59,33,0,1173,4,Actual,5,Lines of Code,LOC,\N,\N,\N,\N,1
25472,246,823,84,39805,223784,80,80,100,0,0,0,180,1,Plan,5,Lines of Code,LOC,\N,\N,\N,\N,1
28437,246,823,84,39805,223784,444,407,1233,124,37,0,1516,4,Actual,5,Lines of Code,LOC,\N,\N,\N,\N,1
28513,246,824,84,39901,223796,1669,1328,1285,192,341,0,2421,4,Actual,5,Lines of Code,LOC,\N,\N,\N,\N,1
28514,246,824,84,39901,223796,215.9770050048828,205.977005,1285,0,10,0,1490.9770508,1,Plan,5,Lines of Code,LOC,\N,\N,\N,\N,1
28508,246,824,84,39859,223808,217,118,1242,63,99,0,1297,4,Actual,5,Lines of Code,LOC,\N,\N,\N,\N,1
28509,246,824,84,39859,223808,140.85400390625,110.85399628,1242,30,30,0,1322.8540039,1,Plan,5,Lines of Code,LOC,\N,\N,\N,\N,1
25490,246,823,84,39902,223820,90,90,300,0,0,0,390,1,Plan,5,Lines of Code,LOC,\N,\N,\N,\N,1
28449,246,823,84,39902,223820,386,172,1691,241,214,0,1622,4,Actual,5,Lines of Code,LOC,\N,\N,\N,\N,1
25504,246,825,84,39806,223832,300,300,200,0,0,0,500,1,Plan,5,Lines of Code,LOC,\N,\N,\N,\N,1
28520,246,826,84,39884,223844,1372,1189,711,300,183,0,1600,4,Actual,5,Lines of Code,LOC,\N,\N,\N,\N,1
28521,246,826,84,39884,223844,350,350,711,0,0,0,1061,1,Plan,5,Lines of Code,LOC,\N,\N,\N,\N,1
25524,246,825,84,39861,223856,300,300,200,0,0,0,500,1,Plan,5,Lines of Code,LOC,\N,\N,\N,\N,1
28454,246,822,84,39865,223868,1766,1588,729,342,178,0,1975,4,Actual,5,Lines of Code,LOC,\N,\N,\N,\N,1
28455,246,822,84,39865,223868,300,179,963,67,121,0,1075,1,Plan,5,Lines of Code,LOC,\N,\N,\N,\N,1
25484,246,823,84,39874,223880,150,150,100,0,0,0,250,1,Plan,5,Lines of Code,LOC,\N,\N,\N,\N,1
25489,246,823,84,39900,223892,300,300,200,0,0,0,500,1,Plan,5,Lines of Code,LOC,\N,\N,\N,\N,1
28426,246,821,84,39876,223904,214,214,100,0,0,0,314,4,Actual,5,Lines of Code,LOC,\N,\N,\N,\N,1
28427,246,821,84,39876,223904,288.9570007324219,288.95700073,100,0,0,0,388.95700073,1,Plan,5,Lines of Code,LOC,\N,\N,\N,\N,1
28518,246,826,84,39877,223916,881,727,2450,2114,154,0,1063,4,Actual,5,Lines of Code,LOC,\N,\N,\N,\N,1
28519,246,826,84,39877,223916,300,150,200,50,150,0,300,1,Plan,5,Lines of Code,LOC,\N,\N,\N,\N,1
25529,246,825,84,39875,223928,150,150,100,0,0,0,250,1,Plan,5,Lines of Code,LOC,\N,\N,\N,\N,1
25485,246,823,84,39878,223940,300,300,200,0,0,0,500,1,Plan,5,Lines of Code,LOC,\N,\N,\N,\N,1
25454,246,822,84,39811,223952,300,300,200,0,0,0,500,1,Plan,5,Lines of Code,LOC,\N,\N,\N,\N,1
28430,246,821,84,39891,223964,216,135,964,436,81,0,663,4,Actual,5,Lines of Code,LOC,\N,\N,\N,\N,1
28431,246,821,84,39891,223964,231.63099670410156,206.6309967,150,125,25,0,231.6309967,1,Plan,5,Lines of Code,LOC,\N,\N,\N,\N,1
25550,246,827,84,39862,223976,30,30,100,0,0,0,130,1,Plan,5,Lines of Code,LOC,\N,\N,\N,\N,1
25544,246,826,84,39881,223988,120,120,300,0,0,0,420,1,Plan,5,Lines of Code,LOC,\N,\N,\N,\N,1
25531,246,825,84,39892,224000,200,200,200,0,0,0,400,1,Plan,5,Lines of Code,LOC,\N,\N,\N,\N,1
28446,246,823,84,39856,224012,80,80,100,0,0,0,180,1,Plan,5,Lines of Code,LOC,\N,\N,\N,\N,1
25542,246,826,84,39864,224024,150,150,100,0,0,0,250,1,Plan,5,Lines of Code,LOC,\N,\N,\N,\N,1
28465,246,822,84,39898,224036,30,0,686,30,105,0,581,1,Plan,5,Lines of Code,LOC,\N,\N,\N,\N,1
28506,246,824,84,39850,224048,647,517,471,11,130,0,977,4,Actual,5,Lines of Code,LOC,\N,\N,\N,\N,1
28507,246,824,84,39850,224048,131.4949951171875,121.49500275,471,0,10,0,592.49499512,1,Plan,5,Lines of Code,LOC,\N,\N,\N,\N,1
25533,246,825,84,39897,224060,60,60,200,0,0,0,260,1,Plan,5,Lines of Code,LOC,\N,\N,\N,\N,1
28434,246,821,84,39896,224072,361,361,100,0,0,0,461,4,Actual,5,Lines of Code,LOC,\N,\N,\N,\N,1
28435,246,821,84,39896,224072,363.4909973144531,363.49099731,100,0,0,0,463.49099731,1,Plan,5,Lines of Code,LOC,\N,\N,\N,\N,1
25506,246,825,84,39809,224084,300,300,200,0,0,0,500,1,Plan,5,Lines of Code,LOC,\N,\N,\N,\N,1
25536,246,826,84,39814,224096,150,150,500,0,0,0,650,1,Plan,5,Lines of Code,LOC,\N,\N,\N,\N,1
25464,246,822,84,39880,224108,300,300,200,0,0,0,500,1,Plan,5,Lines of Code,LOC,\N,\N,\N,\N,1
28495,246,824,84,39798,224120,296,29,1264,98,267,0,1195,4,Actual,5,Lines of Code,LOC,\N,\N,\N,\N,1
28496,246,824,84,39798,224120,110,41,1264,0,69,0,1305,1,Plan,5,Lines of Code,LOC,\N,\N,\N,\N,1
28414,246,821,84,39799,224132,682,558,1122,792,124,0,888,4,Actual,5,Lines of Code,LOC,\N,\N,\N,\N,1
28415,246,821,84,39799,224132,208.0489959716797,108.0490036,200,50,100,0,258.04901123,1,Plan,5,Lines of Code,LOC,\N,\N,\N,\N,1
25471,246,823,84,39800,224144,60,60,200,0,0,0,260,1,Plan,5,Lines of Code,LOC,\N,\N,\N,\N,1
28497,246,824,84,39801,224156,793,369,1719,306,424,0,1782,4,Actual,5,Lines of Code,LOC,\N,\N,\N,\N,1
28498,246,824,84,39801,224156,250,155,1719,65,95,0,1809,1,Plan,5,Lines of Code,LOC,\N,\N,\N,\N,1
28450,246,822,84,39803,224168,30,30,100,0,0,0,130,1,Plan,5,Lines of Code,LOC,\N,\N,\N,\N,1
28451,246,822,84,39851,224180,150,150,100,0,0,0,250,1,Plan,5,Lines of Code,LOC,\N,\N,\N,\N,1
25487,246,823,84,39895,224192,30,30,100,0,0,0,130,1,Plan,5,Lines of Code,LOC,\N,\N,\N,\N,1
25482,246,823,84,39852,224204,150,150,100,0,0,0,250,1,Plan,5,Lines of Code,LOC,\N,\N,\N,\N,1
25519,246,825,84,39846,224216,150,150,100,0,0,0,250,1,Plan,5,Lines of Code,LOC,\N,\N,\N,\N,1
25453,246,821,84,39903,224228,150,150,100,0,0,0,250,1,Plan,5,Lines of Code,LOC,\N,\N,\N,\N,1
25455,246,822,84,39815,224240,150,150,100,0,0,0,250,1,Plan,5,Lines of Code,LOC,\N,\N,\N,\N,1
25474,246,823,84,39816,224252,60,60,200,0,0,0,260,1,Plan,5,Lines of Code,LOC,\N,\N,\N,\N,1
25547,246,826,84,39894,224264,30,30,100,0,0,0,130,1,Plan,5,Lines of Code,LOC,\N,\N,\N,\N,1
25481,246,823,84,39847,224276,450,450,300,0,0,0,750,1,Plan,5,Lines of Code,LOC,\N,\N,\N,\N,1
28512,246,824,84,39882,224288,888.0430297851562,888.04302979,300,0,0,0,1188.0429688,1,Plan,5,Lines of Code,LOC,\N,\N,\N,\N,1
25541,246,826,84,39853,224300,30,30,100,0,0,0,130,1,Plan,5,Lines of Code,LOC,\N,\N,\N,\N,1
25510,246,825,84,39817,224312,200,200,100,0,0,0,300,1,Plan,5,Lines of Code,LOC,\N,\N,\N,\N,1
28428,246,821,84,39879,224324,230.1479949951172,180.147995,300,50,50,0,430.14801025,1,Plan,5,Lines of Code,LOC,\N,\N,\N,\N,1
28418,246,821,84,44260,266575,1301,1301,2592,0,0,0,3893,4,Actual,5,Lines of Code,LOC,\N,\N,\N,\N,1
28419,246,821,84,44260,266575,450,450,2592,0,0,0,3042,1,Plan,5,Lines of Code,LOC,\N,\N,\N,\N,1
28432,246,821,84,44261,266587,363,363,300,0,0,0,663,4,Actual,5,Lines of Code,LOC,\N,\N,\N,\N,1
28433,246,821,84,44261,266587,638.8489990234375,638.84899902,300,0,0,0,938.84899902,1,Plan,5,Lines of Code,LOC,\N,\N,\N,\N,1
25637,247,758,80,40010,226221,43,0,0,0,0,0,0,4,Actual,2,Requirements Pages,Req Pages,\N,\N,\N,\N,1
25638,247,758,80,40010,226221,45,0,0,0,0,0,0,1,Plan,2,Requirements Pages,Req Pages,\N,\N,\N,\N,1
25635,247,758,80,40007,226227,21,0,0,0,0,0,0,4,Actual,3,HLD Pages,HLD Pages,\N,\N,\N,\N,1
25636,247,758,80,40007,226227,10,0,0,0,0,0,0,1,Plan,3,HLD Pages,HLD Pages,\N,\N,\N,\N,1
25653,247,769,80,35297,226231,9,0,0,0,0,0,0,4,Actual,3,HLD Pages,HLD Pages,\N,\N,\N,\N,1
25654,247,769,80,35297,226231,10,0,0,0,0,0,0,1,Plan,3,HLD Pages,HLD Pages,\N,\N,\N,\N,1
25655,247,769,80,40008,226235,18,0,0,0,0,0,0,4,Actual,3,HLD Pages,HLD Pages,\N,\N,\N,\N,1
25656,247,769,80,40008,226235,5,0,0,0,0,0,0,1,Plan,3,HLD Pages,HLD Pages,\N,\N,\N,\N,1
25640,247,830,80,39989,226246,954,0,0,0,0,0,0,4,Actual,5,Lines of Code,LOC,16,Code,1,TSP(SM),1
25641,247,830,80,39989,226246,500,0,0,0,0,0,0,1,Plan,5,Lines of Code,LOC,16,Code,1,TSP(SM),1
25626,247,758,80,39991,226252,295,0,0,0,0,0,0,4,Actual,5,Lines of Code,LOC,16,Code,1,TSP(SM),1
25627,247,758,80,39991,226252,200,0,0,0,0,0,0,1,Plan,5,Lines of Code,LOC,16,Code,1,TSP(SM),1
25624,247,758,80,39988,226259,776,0,0,0,0,0,0,4,Actual,5,Lines of Code,LOC,16,Code,1,TSP(SM),1
25625,247,758,80,39988,226259,400,0,0,0,0,0,0,1,Plan,5,Lines of Code,LOC,16,Code,1,TSP(SM),1
25618,247,828,80,39990,226266,404,0,0,0,0,0,0,4,Actual,5,Lines of Code,LOC,16,Code,1,TSP(SM),1
25619,247,828,80,39990,226266,400,0,0,0,0,0,0,1,Plan,5,Lines of Code,LOC,16,Code,1,TSP(SM),1
25616,247,828,80,39987,226273,986,0,0,0,0,0,0,4,Actual,5,Lines of Code,LOC,16,Code,1,TSP(SM),1
25617,247,828,80,39987,226273,600,0,0,0,0,0,0,1,Plan,5,Lines of Code,LOC,16,Code,1,TSP(SM),1
25649,247,830,80,40001,226281,131,0,0,0,0,0,0,4,Actual,5,Lines of Code,LOC,16,Code,1,TSP(SM),1
25650,247,830,80,40001,226281,150,0,0,0,0,0,0,1,Plan,5,Lines of Code,LOC,16,Code,1,TSP(SM),1
25639,247,829,80,40004,226286,200,0,0,0,0,0,0,1,Plan,5,Lines of Code,LOC,16,Code,1,TSP(SM),1
25644,247,830,80,39996,226293,150,0,0,0,0,0,0,1,Plan,5,Lines of Code,LOC,16,Code,1,TSP(SM),1
25651,247,830,80,40005,226299,102,0,0,0,0,0,0,4,Actual,5,Lines of Code,LOC,16,Code,1,TSP(SM),1
25652,247,830,80,40005,226299,150,0,0,0,0,0,0,1,Plan,5,Lines of Code,LOC,16,Code,1,TSP(SM),1
25645,247,830,80,39997,226304,116,0,0,0,0,0,0,4,Actual,5,Lines of Code,LOC,16,Code,1,TSP(SM),1
25646,247,830,80,39997,226304,150,0,0,0,0,0,0,1,Plan,5,Lines of Code,LOC,16,Code,1,TSP(SM),1
25631,247,758,80,39999,226311,511,0,0,0,0,0,0,4,Actual,5,Lines of Code,LOC,16,Code,1,TSP(SM),1
25632,247,758,80,39999,226311,150,0,0,0,0,0,0,1,Plan,5,Lines of Code,LOC,16,Code,1,TSP(SM),1
25633,247,758,80,40003,226317,159,0,0,0,0,0,0,4,Actual,5,Lines of Code,LOC,16,Code,1,TSP(SM),1
25634,247,758,80,40003,226317,150,0,0,0,0,0,0,1,Plan,5,Lines of Code,LOC,16,Code,1,TSP(SM),1
25622,247,828,80,40006,226323,482,0,0,0,0,0,0,4,Actual,5,Lines of Code,LOC,16,Code,1,TSP(SM),1
25623,247,828,80,40006,226323,200,0,0,0,0,0,0,1,Plan,5,Lines of Code,LOC,16,Code,1,TSP(SM),1
25642,247,830,80,39994,226329,109,0,0,0,0,0,0,4,Actual,5,Lines of Code,LOC,16,Code,1,TSP(SM),1
25643,247,830,80,39994,226329,200,0,0,0,0,0,0,1,Plan,5,Lines of Code,LOC,16,Code,1,TSP(SM),1
25620,247,828,80,40000,226335,415,0,0,0,0,0,0,4,Actual,5,Lines of Code,LOC,16,Code,1,TSP(SM),1
25621,247,828,80,40000,226335,150,0,0,0,0,0,0,1,Plan,5,Lines of Code,LOC,16,Code,1,TSP(SM),1
25647,247,830,80,39998,226341,265,0,0,0,0,0,0,4,Actual,5,Lines of Code,LOC,16,Code,1,TSP(SM),1
25648,247,830,80,39998,226341,150,0,0,0,0,0,0,1,Plan,5,Lines of Code,LOC,16,Code,1,TSP(SM),1
25628,247,758,80,39993,226346,170,0,0,0,0,0,0,4,Actual,5,Lines of Code,LOC,16,Code,1,TSP(SM),1
25629,247,758,80,39993,226346,300,0,0,0,0,0,0,1,Plan,5,Lines of Code,LOC,16,Code,1,TSP(SM),1
25630,247,758,80,39995,226352,50,0,0,0,0,0,0,1,Plan,5,Lines of Code,LOC,16,Code,1,TSP(SM),1
26219,266,867,90,14921,232125,77,0,0,0,0,0,0,4,Actual,5,Lines of Code,LOC,\N,\N,\N,\N,1
26222,266,868,90,14921,232125,153,0,0,0,0,0,0,4,Actual,5,Lines of Code,LOC,\N,\N,\N,\N,1
26221,266,867,90,14921,232134,50,0,0,0,0,0,0,4,Actual,5,Lines of Code,LOC,\N,\N,\N,\N,1
26224,266,868,90,14921,232134,99,0,0,0,0,0,0,4,Actual,5,Lines of Code,LOC,\N,\N,\N,\N,1
26220,266,867,90,14921,232176,122,0,0,0,0,0,0,4,Actual,5,Lines of Code,LOC,\N,\N,\N,\N,1
26223,266,868,90,14921,232176,59,0,0,0,0,0,0,4,Actual,5,Lines of Code,LOC,\N,\N,\N,\N,1
27436,324,935,102,43501,255445,1153,0,0,0,0,0,0,4,Actual,5,Lines of Code,LOC,\N,\N,\N,\N,1
27437,324,935,102,43501,255446,0,0,500,0,0,0,0,4,Actual,5,Lines of Code,LOC,\N,\N,\N,\N,1
27438,324,935,102,43501,255446,750,750,500,0,0,0,1250,1,Plan,5,Lines of Code,LOC,\N,\N,\N,\N,1
27442,324,935,102,43501,255457,523,0,0,0,0,0,0,4,Actual,5,Lines of Code,LOC,\N,\N,\N,\N,1
27443,324,935,102,43501,255458,0,0,200,0,0,0,0,4,Actual,5,Lines of Code,LOC,\N,\N,\N,\N,1
27444,324,935,102,43501,255458,300,300,200,0,0,0,500,1,Plan,5,Lines of Code,LOC,\N,\N,\N,\N,1
27448,324,935,102,43501,255469,565,0,0,0,0,0,0,4,Actual,5,Lines of Code,LOC,\N,\N,\N,\N,1
27449,324,935,102,43501,255470,0,0,200,0,0,0,0,4,Actual,5,Lines of Code,LOC,\N,\N,\N,\N,1
27450,324,935,102,43501,255470,300,300,200,0,0,0,500,1,Plan,5,Lines of Code,LOC,\N,\N,\N,\N,1
27439,324,935,102,43501,255481,358,0,0,0,0,0,0,4,Actual,5,Lines of Code,LOC,\N,\N,\N,\N,1
27440,324,935,102,43501,255482,0,0,100,0,0,0,0,4,Actual,5,Lines of Code,LOC,\N,\N,\N,\N,1
27441,324,935,102,43501,255482,150,150,100,0,0,0,250,1,Plan,5,Lines of Code,LOC,\N,\N,\N,\N,1
27433,324,935,102,43501,255493,205,0,0,0,0,0,0,4,Actual,5,Lines of Code,LOC,\N,\N,\N,\N,1
27434,324,935,102,43501,255494,0,0,100,0,0,0,0,4,Actual,5,Lines of Code,LOC,\N,\N,\N,\N,1
27435,324,935,102,43501,255494,150,150,100,0,0,0,250,1,Plan,5,Lines of Code,LOC,\N,\N,\N,\N,1
27445,324,935,102,43501,255505,940,0,0,0,0,0,0,4,Actual,5,Lines of Code,LOC,\N,\N,\N,\N,1
27446,324,935,102,43501,255506,0,0,300,0,0,0,0,4,Actual,5,Lines of Code,LOC,\N,\N,\N,\N,1
27447,324,935,102,43501,255506,450,450,300,0,0,0,750,1,Plan,5,Lines of Code,LOC,\N,\N,\N,\N,1
27430,324,936,102,43501,255517,410,0,0,0,0,0,0,4,Actual,5,Lines of Code,LOC,\N,\N,\N,\N,1
27431,324,936,102,43501,255518,0,0,85,0,0,0,0,4,Actual,5,Lines of Code,LOC,\N,\N,\N,\N,1
27432,324,936,102,43501,255518,150,150,100,0,0,0,250,1,Plan,5,Lines of Code,LOC,\N,\N,\N,\N,1
27531,335,942,103,43505,257618,648,648,0,0,0,0,648,4,Actual,5,Lines of Code,LOC,\N,\N,\N,\N,1
27532,335,942,103,43505,257618,150,0,100,0,150,0,100,1,Plan,5,Lines of Code,LOC,\N,\N,\N,\N,1
27547,335,824,103,43507,257631,600,600,400,0,0,0,1000,1,Plan,5,Lines of Code,LOC,\N,\N,\N,\N,1
27548,335,824,103,43508,257644,390,390,0,0,0,0,390,4,Actual,5,Lines of Code,LOC,\N,\N,\N,\N,1
27549,335,824,103,43508,257644,150,150,100,0,0,0,250,1,Plan,5,Lines of Code,LOC,\N,\N,\N,\N,1
27545,335,942,103,43527,257657,784,784,0,0,0,0,784,4,Actual,5,Lines of Code,LOC,\N,\N,\N,\N,1
27546,335,942,103,43527,257657,300,0,200,0,300,0,200,1,Plan,5,Lines of Code,LOC,\N,\N,\N,\N,1
27571,335,937,103,43528,257670,1146,1146,0,0,0,0,1146,4,Actual,5,Lines of Code,LOC,\N,\N,\N,\N,1
27572,335,937,103,43528,257670,450,0,300,0,450,0,300,1,Plan,5,Lines of Code,LOC,\N,\N,\N,\N,1
27556,335,825,103,43506,257683,353,353,0,0,0,0,353,4,Actual,5,Lines of Code,LOC,\N,\N,\N,\N,1
27557,335,825,103,43506,257683,450,450,0,0,0,0,450,1,Plan,5,Lines of Code,LOC,\N,\N,\N,\N,1
27533,335,942,103,43509,257696,2739,2739,0,0,0,0,2739,4,Actual,5,Lines of Code,LOC,\N,\N,\N,\N,1
27534,335,942,103,43509,257696,600,0,400,0,600,0,400,1,Plan,5,Lines of Code,LOC,\N,\N,\N,\N,1
27526,335,940,103,43504,257709,1659,1659,0,0,0,0,1659,4,Actual,5,Lines of Code,LOC,\N,\N,\N,\N,1
27527,335,940,103,43504,257709,900,0,600,0,900,0,600,1,Plan,5,Lines of Code,LOC,\N,\N,\N,\N,1
27566,335,937,103,43503,257722,1085,1085,0,0,0,0,1085,4,Actual,5,Lines of Code,LOC,\N,\N,\N,\N,1
27567,335,937,103,43503,257722,300,0,200,0,300,0,200,1,Plan,5,Lines of Code,LOC,\N,\N,\N,\N,1
27528,335,940,103,43510,257735,2536,2536,0,0,0,0,2536,4,Actual,5,Lines of Code,LOC,\N,\N,\N,\N,1
27529,335,940,103,43510,257735,900,0,600,0,900,0,600,1,Plan,5,Lines of Code,LOC,\N,\N,\N,\N,1
27541,335,942,103,43521,257748,609,609,0,0,0,0,609,4,Actual,5,Lines of Code,LOC,\N,\N,\N,\N,1
27542,335,942,103,43521,257748,300,0,200,0,300,0,200,1,Plan,5,Lines of Code,LOC,\N,\N,\N,\N,1
27552,335,824,103,43511,257761,3354,3354,0,0,0,0,3354,4,Actual,5,Lines of Code,LOC,\N,\N,\N,\N,1
27553,335,824,103,43511,257761,1490,1490,0,0,0,0,1490,1,Plan,5,Lines of Code,LOC,\N,\N,\N,\N,1
27550,335,824,103,43512,257774,78,8,600,0,70,0,608,4,Actual,5,Lines of Code,LOC,\N,\N,\N,\N,1
27551,335,824,103,43512,257774,600,0,600,0,600,0,600,1,Plan,5,Lines of Code,LOC,\N,\N,\N,\N,1
27535,335,942,103,43513,257787,732,732,0,0,0,0,732,4,Actual,5,Lines of Code,LOC,\N,\N,\N,\N,1
27536,335,942,103,43513,257787,150,0,100,0,150,0,100,1,Plan,5,Lines of Code,LOC,\N,\N,\N,\N,1
27530,335,940,103,43526,257800,450,0,300,0,450,0,300,1,Plan,5,Lines of Code,LOC,\N,\N,\N,\N,1
27554,335,824,103,43525,257813,2948,2948,0,0,0,0,2948,4,Actual,5,Lines of Code,LOC,\N,\N,\N,\N,1
27555,335,824,103,43525,257813,1603.1300048828125,1603.1300049,0,0,0,0,1603.1300049,1,Plan,5,Lines of Code,LOC,\N,\N,\N,\N,1
27543,335,942,103,43522,257826,865,865,0,0,0,0,865,4,Actual,5,Lines of Code,LOC,\N,\N,\N,\N,1
27544,335,942,103,43522,257826,750,0,500,0,750,0,500,1,Plan,5,Lines of Code,LOC,\N,\N,\N,\N,1
27562,335,825,103,43523,257839,405,405,0,0,0,0,405,4,Actual,5,Lines of Code,LOC,\N,\N,\N,\N,1
27563,335,825,103,43523,257839,1000,1000,0,0,0,0,1000,1,Plan,5,Lines of Code,LOC,\N,\N,\N,\N,1
27564,335,825,103,43524,257852,528,528,0,0,0,0,528,4,Actual,5,Lines of Code,LOC,\N,\N,\N,\N,1
27565,335,825,103,43524,257852,625,625,0,0,0,0,625,1,Plan,5,Lines of Code,LOC,\N,\N,\N,\N,1
27560,335,825,103,43514,257864,1177,1177,0,0,0,0,1177,4,Actual,5,Lines of Code,LOC,\N,\N,\N,\N,1
27561,335,825,103,43514,257864,1050,1050,0,0,0,0,1050,1,Plan,5,Lines of Code,LOC,\N,\N,\N,\N,1
27569,335,937,103,43518,257877,1200,0,800,0,1200,0,800,1,Plan,5,Lines of Code,LOC,\N,\N,\N,\N,1
27570,335,937,103,43519,257890,1200,0,800,0,1200,0,800,1,Plan,5,Lines of Code,LOC,\N,\N,\N,\N,1
27568,335,937,103,43517,257903,600,0,400,0,600,0,400,1,Plan,5,Lines of Code,LOC,\N,\N,\N,\N,1
27539,335,942,103,43516,257916,2084,2084,0,0,0,0,2084,4,Actual,5,Lines of Code,LOC,\N,\N,\N,\N,1
27540,335,942,103,43516,257916,600,0,400,0,600,0,400,1,Plan,5,Lines of Code,LOC,\N,\N,\N,\N,1
27537,335,942,103,43515,257929,485,485,0,0,0,0,485,4,Actual,5,Lines of Code,LOC,\N,\N,\N,\N,1
27538,335,942,103,43515,257929,450,0,300,0,450,0,300,1,Plan,5,Lines of Code,LOC,\N,\N,\N,\N,1
27558,335,825,103,43520,257942,1237,1237,0,0,0,0,1237,4,Actual,5,Lines of Code,LOC,\N,\N,\N,\N,1
27559,335,825,103,43520,257942,600,600,0,0,0,0,600,1,Plan,5,Lines of Code,LOC,\N,\N,\N,\N,1
28273,343,939,84,44193,265582,300,263,1091,57,37,0,1297,4,Actual,5,Lines of Code,LOC,\N,\N,\N,\N,1
28274,343,939,84,44193,265582,90,0,300,0,90,0,300,1,Plan,5,Lines of Code,LOC,\N,\N,\N,\N,1
28309,343,941,84,44189,265594,88,66,785,23,22,0,828,4,Actual,5,Lines of Code,LOC,\N,\N,\N,\N,1
28310,343,941,84,44189,265594,90,0,300,0,90,0,300,1,Plan,5,Lines of Code,LOC,\N,\N,\N,\N,1
28261,343,937,84,44196,265606,272,185,815,31,87,0,969,4,Actual,5,Lines of Code,LOC,\N,\N,\N,\N,1
28262,343,937,84,44196,265606,90,0,300,0,90,0,300,1,Plan,5,Lines of Code,LOC,\N,\N,\N,\N,1
28281,343,940,84,44180,265618,67,33,939,14,34,0,958,4,Actual,5,Lines of Code,LOC,\N,\N,\N,\N,1
28282,343,940,84,44180,265618,90,0,300,0,90,0,300,1,Plan,5,Lines of Code,LOC,\N,\N,\N,\N,1
28295,343,943,84,44190,265630,102,70,565,192,32,0,443,4,Actual,5,Lines of Code,LOC,\N,\N,\N,\N,1
28296,343,943,84,44190,265630,90,0,300,0,90,0,300,1,Plan,5,Lines of Code,LOC,\N,\N,\N,\N,1
28277,343,939,84,44200,265642,524,457,1096,116,67,0,1437,4,Actual,5,Lines of Code,LOC,\N,\N,\N,\N,1
28278,343,939,84,44200,265642,90,0,300,0,90,0,300,1,Plan,5,Lines of Code,LOC,\N,\N,\N,\N,1
28279,343,940,84,44176,265654,57,32,328,3,25,0,357,4,Actual,5,Lines of Code,LOC,\N,\N,\N,\N,1
28280,343,940,84,44176,265654,90,0,300,0,90,0,300,1,Plan,5,Lines of Code,LOC,\N,\N,\N,\N,1
28293,343,943,84,44185,265666,126,106,685,12,20,0,779,4,Actual,5,Lines of Code,LOC,\N,\N,\N,\N,1
28294,343,943,84,44185,265666,90,0,300,0,90,0,300,1,Plan,5,Lines of Code,LOC,\N,\N,\N,\N,1
28267,343,939,84,44178,265678,247,232,2430,1,15,0,2661,4,Actual,5,Lines of Code,LOC,\N,\N,\N,\N,1
28268,343,939,84,44178,265678,90,0,300,0,90,0,300,1,Plan,5,Lines of Code,LOC,\N,\N,\N,\N,1
28276,343,939,84,44199,265690,90,0,300,0,90,0,300,1,Plan,5,Lines of Code,LOC,\N,\N,\N,\N,1
28275,343,939,84,44194,265702,90,0,300,0,90,0,300,1,Plan,5,Lines of Code,LOC,\N,\N,\N,\N,1
28301,343,941,84,44177,265714,73,49,395,17,24,0,427,4,Actual,5,Lines of Code,LOC,\N,\N,\N,\N,1
28302,343,941,84,44177,265714,90,0,300,0,90,0,300,1,Plan,5,Lines of Code,LOC,\N,\N,\N,\N,1
28305,343,941,84,44186,265726,197,144,706,53,53,0,797,4,Actual,5,Lines of Code,LOC,\N,\N,\N,\N,1
28306,343,941,84,44186,265726,90,0,300,0,90,0,300,1,Plan,5,Lines of Code,LOC,\N,\N,\N,\N,1
28291,343,943,84,44182,265738,66,44,376,45,22,0,375,4,Actual,5,Lines of Code,LOC,\N,\N,\N,\N,1
28292,343,943,84,44182,265738,90,0,300,0,90,0,300,1,Plan,5,Lines of Code,LOC,\N,\N,\N,\N,1
28287,343,940,84,44198,265750,1054,982,3359,29,72,0,4312,4,Actual,5,Lines of Code,LOC,\N,\N,\N,\N,1
28288,343,940,84,44198,265750,122.47799682617188,2.4779999256,300,10,120,0,292.47799683,1,Plan,5,Lines of Code,LOC,\N,\N,\N,\N,1
28283,343,940,84,44183,265762,308,205,1022,173,103,0,1054,4,Actual,5,Lines of Code,LOC,\N,\N,\N,\N,1
28284,343,940,84,44183,265762,90,0,300,0,90,0,300,1,Plan,5,Lines of Code,LOC,\N,\N,\N,\N,1
28269,343,939,84,44184,265774,75,28,640,30,47,0,638,4,Actual,5,Lines of Code,LOC,\N,\N,\N,\N,1
28270,343,939,84,44184,265774,90,0,300,0,90,0,300,1,Plan,5,Lines of Code,LOC,\N,\N,\N,\N,1
28285,343,940,84,44195,265786,102,63,478,17,39,0,524,4,Actual,5,Lines of Code,LOC,\N,\N,\N,\N,1
28286,343,940,84,44195,265786,90,0,300,0,90,0,300,1,Plan,5,Lines of Code,LOC,\N,\N,\N,\N,1
28297,343,943,84,44197,265798,12,6,512,0,6,0,518,4,Actual,5,Lines of Code,LOC,\N,\N,\N,\N,1
28298,343,943,84,44197,265798,90,0,300,0,90,0,300,1,Plan,5,Lines of Code,LOC,\N,\N,\N,\N,1
28311,343,941,84,44192,265810,1062,1013,2538,26,49,0,3525,4,Actual,5,Lines of Code,LOC,\N,\N,\N,\N,1
28312,343,941,84,44192,265810,90,0,300,0,90,0,300,1,Plan,5,Lines of Code,LOC,\N,\N,\N,\N,1
28258,343,937,84,44181,265822,90,0,300,0,90,0,300,1,Plan,5,Lines of Code,LOC,\N,\N,\N,\N,1
28299,343,943,84,44202,265834,22,10,397,35,12,0,372,4,Actual,5,Lines of Code,LOC,\N,\N,\N,\N,1
28300,343,943,84,44202,265834,90,0,300,0,90,0,300,1,Plan,5,Lines of Code,LOC,\N,\N,\N,\N,1
28303,343,941,84,44179,265846,97,53,1636,38,44,0,1651,4,Actual,5,Lines of Code,LOC,\N,\N,\N,\N,1
28304,343,941,84,44179,265846,90,0,300,0,90,0,300,1,Plan,5,Lines of Code,LOC,\N,\N,\N,\N,1
28289,343,940,84,44201,265858,92,42,2378,49,50,0,2371,4,Actual,5,Lines of Code,LOC,\N,\N,\N,\N,1
28290,343,940,84,44201,265858,90,0,300,10,90,0,290,1,Plan,5,Lines of Code,LOC,\N,\N,\N,\N,1
28271,343,939,84,44187,265870,1068,1068,1762,0,0,0,2830,4,Actual,5,Lines of Code,LOC,\N,\N,\N,\N,1
28272,343,939,84,44187,265870,150,150,100,0,0,0,250,1,Plan,5,Lines of Code,LOC,\N,\N,\N,\N,1
28307,343,941,84,44188,265882,82,50,352,31,32,0,371,4,Actual,5,Lines of Code,LOC,\N,\N,\N,\N,1
28308,343,941,84,44188,265882,90,0,300,0,90,0,300,1,Plan,5,Lines of Code,LOC,\N,\N,\N,\N,1
28265,343,937,84,44204,265894,339,253,860,164,86,0,949,4,Actual,5,Lines of Code,LOC,\N,\N,\N,\N,1
28266,343,937,84,44204,265894,90,0,300,0,90,0,300,1,Plan,5,Lines of Code,LOC,\N,\N,\N,\N,1
28259,343,937,84,44191,265906,520,295,1074,229,225,0,1140,4,Actual,5,Lines of Code,LOC,\N,\N,\N,\N,1
28260,343,937,84,44191,265906,90,0,300,0,90,0,300,1,Plan,5,Lines of Code,LOC,\N,\N,\N,\N,1
28263,343,937,84,44203,265918,905,695,1633,547,210,0,1781,4,Actual,5,Lines of Code,LOC,\N,\N,\N,\N,1
28264,343,937,84,44203,265918,90,0,300,0,90,0,300,1,Plan,5,Lines of Code,LOC,\N,\N,\N,\N,1
28546,370,868,90,44548,269848,317,0,0,0,0,0,0,4,Actual,5,Lines of Code,LOC,16,Code,1,TSP(SM),1
28547,370,868,90,44548,269848,250,0,0,0,0,0,0,1,Plan,5,Lines of Code,LOC,16,Code,1,TSP(SM),1
28538,370,867,90,44561,269860,456,0,0,0,0,0,0,4,Actual,5,Lines of Code,LOC,16,Code,1,TSP(SM),1
28539,370,867,90,44561,269860,400,0,0,0,0,0,0,1,Plan,5,Lines of Code,LOC,16,Code,1,TSP(SM),1
28550,370,868,90,44555,269872,181,0,0,0,0,0,0,4,Actual,5,Lines of Code,LOC,16,Code,1,TSP(SM),1
28551,370,868,90,44555,269872,200,0,0,0,0,0,0,1,Plan,5,Lines of Code,LOC,16,Code,1,TSP(SM),1
28530,370,867,90,44549,269884,155,0,0,0,0,0,0,4,Actual,5,Lines of Code,LOC,16,Code,1,TSP(SM),1
28531,370,867,90,44549,269884,90,0,0,0,0,0,0,1,Plan,5,Lines of Code,LOC,16,Code,1,TSP(SM),1
28548,370,868,90,44553,269896,109,0,0,0,0,0,0,4,Actual,5,Lines of Code,LOC,16,Code,1,TSP(SM),1
28549,370,868,90,44553,269896,100,0,0,0,0,0,0,1,Plan,5,Lines of Code,LOC,16,Code,1,TSP(SM),1
28534,370,867,90,44557,269908,590,0,0,0,0,0,0,4,Actual,5,Lines of Code,LOC,16,Code,1,TSP(SM),1
28535,370,867,90,44557,269908,350,0,0,0,0,0,0,1,Plan,5,Lines of Code,LOC,16,Code,1,TSP(SM),1
28532,370,867,90,44556,269920,480,0,0,0,0,0,0,4,Actual,5,Lines of Code,LOC,16,Code,1,TSP(SM),1
28533,370,867,90,44556,269920,400,0,0,0,0,0,0,1,Plan,5,Lines of Code,LOC,16,Code,1,TSP(SM),1
28544,370,868,90,44546,269931,59,0,0,0,0,0,0,4,Actual,5,Lines of Code,LOC,16,Code,1,TSP(SM),1
28545,370,868,90,44546,269931,45,0,0,0,0,0,0,1,Plan,5,Lines of Code,LOC,16,Code,1,TSP(SM),1
28536,370,867,90,44560,269942,55,0,0,0,0,0,0,4,Actual,5,Lines of Code,LOC,16,Code,1,TSP(SM),1
28537,370,867,90,44560,269942,40,0,0,0,0,0,0,1,Plan,5,Lines of Code,LOC,16,Code,1,TSP(SM),1
28542,370,868,90,44545,269956,418,0,0,0,0,0,0,4,Actual,5,Lines of Code,LOC,16,Code,1,TSP(SM),1
28543,370,868,90,44545,269956,750,0,0,0,0,0,0,1,Plan,5,Lines of Code,LOC,16,Code,1,TSP(SM),1
28540,370,867,90,44562,269968,190,0,0,0,0,0,0,4,Actual,5,Lines of Code,LOC,16,Code,1,TSP(SM),1
28541,370,867,90,44562,269968,165,0,0,0,0,0,0,1,Plan,5,Lines of Code,LOC,16,Code,1,TSP(SM),1
28554,370,954,90,44550,269985,440.79998779296875,0,0,0,0,0,0,1,Plan,5,Lines of Code,LOC,16,Code,1,TSP(SM),1
28555,370,954,90,44550,269986,440.79998779296875,0,0,0,0,0,0,1,Plan,5,Lines of Code,LOC,16,Code,1,TSP(SM),1
28552,370,869,90,44559,270018,428.5710144042969,0,0,0,0,0,0,1,Plan,5,Lines of Code,LOC,16,Code,1,TSP(SM),1
28553,370,869,90,44559,270019,428.5710144042969,0,0,0,0,0,0,1,Plan,5,Lines of Code,LOC,16,Code,1,TSP(SM),1
29840,393,469,105,48332,286187,0.7260000109672546,0,0,0,0,0,0,1,Plan,66,Text Pages,Text Pages,\N,\N,\N,\N,1
29846,393,969,105,48332,286187,0.6349999904632568,0,0,0,0,0,0,1,Plan,66,Text Pages,Text Pages,\N,\N,\N,\N,1
29856,393,971,105,48332,286187,0.7260000109672546,0,0,0,0,0,0,1,Plan,66,Text Pages,Text Pages,\N,\N,\N,\N,1
29863,393,972,105,48332,286187,4,0,0,0,0,0,0,1,Plan,66,Text Pages,Text Pages,\N,\N,\N,\N,1
29891,393,470,105,48332,286187,0.46299999952316284,0,0,0,0,0,0,1,Plan,66,Text Pages,Text Pages,\N,\N,\N,\N,1
29841,393,469,105,48333,286191,0.7260000109672546,0,0,0,0,0,0,1,Plan,66,Text Pages,Text Pages,\N,\N,\N,\N,1
29847,393,969,105,48333,286191,0.6349999904632568,0,0,0,0,0,0,1,Plan,66,Text Pages,Text Pages,\N,\N,\N,\N,1
29857,393,971,105,48333,286191,0.7260000109672546,0,0,0,0,0,0,1,Plan,66,Text Pages,Text Pages,\N,\N,\N,\N,1
29864,393,972,105,48333,286191,4,0,0,0,0,0,0,1,Plan,66,Text Pages,Text Pages,\N,\N,\N,\N,1
29892,393,470,105,48333,286191,0.46299999952316284,0,0,0,0,0,0,1,Plan,66,Text Pages,Text Pages,\N,\N,\N,\N,1
29848,393,969,105,48341,286198,122,0,0,0,0,0,0,4,Actual,21,Lines of Code,LOC,84,Code,6,Software System Development,1
29849,393,969,105,48341,286198,20,0,0,0,0,0,0,1,Plan,21,Lines of Code,LOC,84,Code,6,Software System Development,1
29850,393,969,105,48344,286202,80,0,0,0,0,0,0,4,Actual,21,Lines of Code,LOC,84,Code,6,Software System Development,1
29851,393,969,105,48344,286202,20,0,0,0,0,0,0,1,Plan,21,Lines of Code,LOC,84,Code,6,Software System Development,1
29842,393,469,105,48340,286206,16,0,0,0,0,0,0,4,Actual,21,Lines of Code,LOC,84,Code,6,Software System Development,1
29843,393,469,105,48340,286206,25,0,0,0,0,0,0,1,Plan,21,Lines of Code,LOC,84,Code,6,Software System Development,1
29889,393,972,105,48353,286227,3,0,0,0,0,0,0,4,Actual,23,SRS Pages,SRS Pages,\N,\N,\N,\N,1
29890,393,972,105,48353,286227,6,0,0,0,0,0,0,1,Plan,23,SRS Pages,SRS Pages,\N,\N,\N,\N,1
29903,393,470,105,48353,286227,6,0,0,0,0,0,0,1,Plan,23,SRS Pages,SRS Pages,\N,\N,\N,\N,1
29906,393,470,105,48353,286230,6,0,0,0,0,0,0,4,Actual,23,SRS Pages,SRS Pages,97,SW Reqts,6,Software System Development,1
29907,393,470,105,48353,286230,3,0,0,0,0,0,0,1,Plan,23,SRS Pages,SRS Pages,97,SW Reqts,6,Software System Development,1
29904,393,470,105,48353,286233,6,0,0,0,0,0,0,4,Actual,23,SRS Pages,SRS Pages,97,SW Reqts,6,Software System Development,1
29905,393,470,105,48353,286233,3,0,0,0,0,0,0,1,Plan,23,SRS Pages,SRS Pages,97,SW Reqts,6,Software System Development,1
29859,393,971,105,48349,286238,47,0,0,0,0,0,0,4,Actual,23,SRS Pages,SRS Pages,\N,\N,\N,\N,1
29860,393,971,105,48349,286238,40,0,0,0,0,0,0,1,Plan,23,SRS Pages,SRS Pages,\N,\N,\N,\N,1
29882,393,972,105,48349,286238,6,0,0,0,0,0,0,4,Actual,23,SRS Pages,SRS Pages,\N,\N,\N,\N,1
29883,393,972,105,48349,286238,60,0,0,0,0,0,0,1,Plan,23,SRS Pages,SRS Pages,\N,\N,\N,\N,1
29861,393,971,105,48349,286241,64,0,0,0,0,0,0,4,Actual,23,SRS Pages,SRS Pages,97,SW Reqts,6,Software System Development,1
29862,393,971,105,48349,286241,20,0,0,0,0,0,0,1,Plan,23,SRS Pages,SRS Pages,97,SW Reqts,6,Software System Development,1
29852,393,969,105,48347,286249,21,0,0,0,0,0,0,4,Actual,23,SRS Pages,SRS Pages,\N,\N,\N,\N,1
29853,393,969,105,48347,286249,9,0,0,0,0,0,0,1,Plan,23,SRS Pages,SRS Pages,\N,\N,\N,\N,1
29879,393,972,105,48347,286249,3,0,0,0,0,0,0,4,Actual,23,SRS Pages,SRS Pages,\N,\N,\N,\N,1
29880,393,972,105,48347,286249,9,0,0,0,0,0,0,1,Plan,23,SRS Pages,SRS Pages,\N,\N,\N,\N,1
29844,393,469,105,48352,286260,15,0,0,0,0,0,0,4,Actual,23,SRS Pages,SRS Pages,\N,\N,\N,\N,1
29845,393,469,105,48352,286260,14,0,0,0,0,0,0,1,Plan,23,SRS Pages,SRS Pages,\N,\N,\N,\N,1
29887,393,972,105,48352,286260,2,0,0,0,0,0,0,4,Actual,23,SRS Pages,SRS Pages,\N,\N,\N,\N,1
29888,393,972,105,48352,286260,14,0,0,0,0,0,0,1,Plan,23,SRS Pages,SRS Pages,\N,\N,\N,\N,1
29881,393,972,105,48348,286271,4,0,0,0,0,0,0,1,Plan,23,SRS Pages,SRS Pages,\N,\N,\N,\N,1
29893,393,470,105,48348,286271,4,0,0,0,0,0,0,1,Plan,23,SRS Pages,SRS Pages,\N,\N,\N,\N,1
29896,393,470,105,48348,286274,7,0,0,0,0,0,0,4,Actual,23,SRS Pages,SRS Pages,97,SW Reqts,6,Software System Development,1
29897,393,470,105,48348,286274,1,0,0,0,0,0,0,1,Plan,23,SRS Pages,SRS Pages,97,SW Reqts,6,Software System Development,1
29894,393,470,105,48348,286277,3,0,0,0,0,0,0,4,Actual,23,SRS Pages,SRS Pages,97,SW Reqts,6,Software System Development,1
29895,393,470,105,48348,286277,3,0,0,0,0,0,0,1,Plan,23,SRS Pages,SRS Pages,97,SW Reqts,6,Software System Development,1
29886,393,972,105,48351,286282,4,0,0,0,0,0,0,1,Plan,23,SRS Pages,SRS Pages,\N,\N,\N,\N,1
29898,393,470,105,48351,286282,4,0,0,0,0,0,0,1,Plan,23,SRS Pages,SRS Pages,\N,\N,\N,\N,1
29901,393,470,105,48351,286285,9,0,0,0,0,0,0,4,Actual,23,SRS Pages,SRS Pages,97,SW Reqts,6,Software System Development,1
29902,393,470,105,48351,286285,1,0,0,0,0,0,0,1,Plan,23,SRS Pages,SRS Pages,97,SW Reqts,6,Software System Development,1
29899,393,470,105,48351,286288,5,0,0,0,0,0,0,4,Actual,23,SRS Pages,SRS Pages,97,SW Reqts,6,Software System Development,1
29900,393,470,105,48351,286288,3,0,0,0,0,0,0,1,Plan,23,SRS Pages,SRS Pages,97,SW Reqts,6,Software System Development,1
29854,393,970,105,48350,286293,35,0,0,0,0,0,0,4,Actual,23,SRS Pages,SRS Pages,\N,\N,\N,\N,1
29855,393,970,105,48350,286293,8,0,0,0,0,0,0,1,Plan,23,SRS Pages,SRS Pages,\N,\N,\N,\N,1
29884,393,972,105,48350,286293,2,0,0,0,0,0,0,4,Actual,23,SRS Pages,SRS Pages,\N,\N,\N,\N,1
29885,393,972,105,48350,286293,8,0,0,0,0,0,0,1,Plan,23,SRS Pages,SRS Pages,\N,\N,\N,\N,1
29875,393,972,105,48338,286301,3,0,0,0,0,0,0,4,Actual,66,Text Pages,Text Pages,\N,\N,\N,\N,1
29876,393,972,105,48338,286301,1,0,0,0,0,0,0,1,Plan,66,Text Pages,Text Pages,\N,\N,\N,\N,1
29873,393,972,105,48337,286307,2,0,0,0,0,0,0,4,Actual,66,Text Pages,Text Pages,\N,\N,\N,\N,1
29874,393,972,105,48337,286307,1,0,0,0,0,0,0,1,Plan,66,Text Pages,Text Pages,\N,\N,\N,\N,1
29871,393,972,105,48336,286313,2,0,0,0,0,0,0,4,Actual,66,Text Pages,Text Pages,\N,\N,\N,\N,1
29872,393,972,105,48336,286313,8,0,0,0,0,0,0,1,Plan,66,Text Pages,Text Pages,\N,\N,\N,\N,1
29870,393,972,105,48317,286319,10,0,0,0,0,0,0,1,Plan,66,Text Pages,Text Pages,\N,\N,\N,\N,1
29868,393,972,105,48335,286325,5,0,0,0,0,0,0,4,Actual,66,Text Pages,Text Pages,\N,\N,\N,\N,1
29869,393,972,105,48335,286325,5,0,0,0,0,0,0,1,Plan,66,Text Pages,Text Pages,\N,\N,\N,\N,1
29866,393,972,105,48334,286331,11,0,0,0,0,0,0,4,Actual,66,Text Pages,Text Pages,\N,\N,\N,\N,1
29867,393,972,105,48334,286331,5,0,0,0,0,0,0,1,Plan,66,Text Pages,Text Pages,\N,\N,\N,\N,1
29865,393,972,105,48316,286337,15,0,0,0,0,0,0,1,Plan,66,Text Pages,Text Pages,\N,\N,\N,\N,1
29858,393,971,105,48324,286344,1.8140000104904175,0,0,0,0,0,0,1,Plan,66,Text Pages,Text Pages,\N,\N,\N,\N,1
29878,393,972,105,48323,286348,5,0,0,0,0,0,0,1,Plan,66,Text Pages,Text Pages,\N,\N,\N,\N,1
29877,393,972,105,48346,286352,5,0,0,0,0,0,0,1,Plan,66,Text Pages,Text Pages,\N,\N,\N,\N,1
29805,394,469,105,48309,286005,48,0,0,0,0,0,0,4,Actual,21,Lines of Code,LOC,84,Code,6,Software System Development,1
29806,394,469,105,48309,286005,30,0,0,0,0,0,0,1,Plan,21,Lines of Code,LOC,84,Code,6,Software System Development,1
29803,394,469,105,48307,286013,16,0,0,0,0,0,0,4,Actual,21,Lines of Code,LOC,84,Code,6,Software System Development,1
29804,394,469,105,48307,286013,20,0,0,0,0,0,0,1,Plan,21,Lines of Code,LOC,84,Code,6,Software System Development,1
29801,394,469,105,48306,286034,17,0,0,0,0,0,0,4,Actual,21,Lines of Code,LOC,84,Code,6,Software System Development,1
29802,394,469,105,48306,286034,25,0,0,0,0,0,0,1,Plan,21,Lines of Code,LOC,84,Code,6,Software System Development,1
29815,394,970,105,48327,286045,10,0,0,0,0,0,0,4,Actual,66,Text Pages,Text Pages,96,Misc,6,Software System Development,1
29809,394,469,105,48326,286048,6,0,0,0,0,0,0,4,Actual,23,SRS Pages,SRS Pages,\N,\N,\N,\N,1
29810,394,469,105,48326,286048,3,0,0,0,0,0,0,1,Plan,23,SRS Pages,SRS Pages,\N,\N,\N,\N,1
29828,394,470,105,48302,286081,221,0,0,0,0,0,0,4,Actual,21,Lines of Code,LOC,84,Code,6,Software System Development,1
29829,394,470,105,48302,286081,188,0,0,0,0,0,0,1,Plan,21,Lines of Code,LOC,84,Code,6,Software System Development,1
29830,394,470,105,48303,286087,177,0,0,0,0,0,0,4,Actual,21,Lines of Code,LOC,84,Code,6,Software System Development,1
29831,394,470,105,48303,286087,75,0,0,0,0,0,0,1,Plan,21,Lines of Code,LOC,84,Code,6,Software System Development,1
29811,394,970,105,48304,286093,15,0,0,0,0,0,0,4,Actual,66,Text Pages,Text Pages,84,Code,6,Software System Development,1
29812,394,970,105,48304,286093,1200,0,0,0,0,0,0,4,Actual,21,Lines of Code,LOC,84,Code,6,Software System Development,1
29813,394,970,105,48304,286094,200,0,0,0,0,0,0,4,Actual,21,Lines of Code,LOC,85,Code Review,6,Software System Development,1
29807,394,469,105,48314,286103,517,0,0,0,0,0,0,4,Actual,21,Lines of Code,LOC,84,Code,6,Software System Development,1
29808,394,469,105,48314,286103,450,0,0,0,0,0,0,1,Plan,21,Lines of Code,LOC,84,Code,6,Software System Development,1
29832,394,470,105,48311,286109,76,0,0,0,0,0,0,4,Actual,21,Lines of Code,LOC,84,Code,6,Software System Development,1
29833,394,470,105,48311,286109,56,0,0,0,0,0,0,1,Plan,21,Lines of Code,LOC,84,Code,6,Software System Development,1
29838,394,470,105,48313,286119,1,0,0,0,0,0,0,4,Actual,24,SDD Pages,SDD Pages,90,SW Design,6,Software System Development,1
29839,394,470,105,48313,286119,1,0,0,0,0,0,0,1,Plan,24,SDD Pages,SDD Pages,90,SW Design,6,Software System Development,1
29836,394,470,105,48313,286122,27,0,0,0,0,0,0,4,Actual,21,Lines of Code,LOC,84,Code,6,Software System Development,1
29837,394,470,105,48313,286122,13,0,0,0,0,0,0,1,Plan,21,Lines of Code,LOC,84,Code,6,Software System Development,1
29834,394,470,105,48312,286133,20,0,0,0,0,0,0,4,Actual,21,Lines of Code,LOC,84,Code,6,Software System Development,1
29835,394,470,105,48312,286133,11,0,0,0,0,0,0,1,Plan,21,Lines of Code,LOC,84,Code,6,Software System Development,1
29814,394,970,105,48321,286148,9,0,0,0,0,0,0,4,Actual,66,Text Pages,Text Pages,96,Misc,6,Software System Development,1
29820,394,971,105,48317,286153,6,0,0,0,0,0,0,4,Actual,66,Text Pages,Text Pages,\N,\N,\N,\N,1
29821,394,971,105,48317,286153,2.3239998817443848,0,0,0,0,0,0,1,Plan,66,Text Pages,Text Pages,\N,\N,\N,\N,1
29826,394,972,105,48317,286155,6,0,0,0,0,0,0,4,Actual,66,Text Pages,Text Pages,96,Misc,6,Software System Development,1
29827,394,972,105,48317,286155,30,0,0,0,0,0,0,1,Plan,66,Text Pages,Text Pages,96,Misc,6,Software System Development,1
29818,394,971,105,48316,286159,20,0,0,0,0,0,0,4,Actual,66,Text Pages,Text Pages,\N,\N,\N,\N,1
29819,394,971,105,48316,286159,0.3869999945163727,0,0,0,0,0,0,1,Plan,66,Text Pages,Text Pages,\N,\N,\N,\N,1
29824,394,972,105,48316,286162,20,0,0,0,0,0,0,4,Actual,66,Text Pages,Text Pages,96,Misc,6,Software System Development,1
29825,394,972,105,48316,286162,2,0,0,0,0,0,0,1,Plan,66,Text Pages,Text Pages,96,Misc,6,Software System Development,1
29816,394,971,105,48315,286165,1,0,0,0,0,0,0,4,Actual,66,Text Pages,Text Pages,\N,\N,\N,\N,1
29817,394,971,105,48315,286165,0.1550000011920929,0,0,0,0,0,0,1,Plan,66,Text Pages,Text Pages,\N,\N,\N,\N,1
29822,394,971,105,48324,286175,12,0,0,0,0,0,0,4,Actual,66,Text Pages,Text Pages,96,Misc,6,Software System Development,1
29823,394,971,105,48324,286175,15,0,0,0,0,0,0,1,Plan,66,Text Pages,Text Pages,96,Misc,6,Software System Development,1
